"Outcome","Explanatory_variable","Group","n","Mean (SD)","95% CI"
"Perceived importance of ecosystem services","Educational attainment","School-level or other education",116,"7.86 (1.68)","7.55 to 8.17"
"Perceived importance of ecosystem services","Educational attainment","Professional/vocational training",606,"8.33 (1.41)","8.22 to 8.45"
"Perceived importance of ecosystem services","Educational attainment","University",365,"8.18 (1.30)","8.04 to 8.31"
"Perceived importance of ecosystem services","Forest- or environment-related organisation membership","Not a member",931,"8.30 (1.32)","8.22 to 8.39"
"Perceived importance of ecosystem services","Forest- or environment-related organisation membership","Member",156,"7.81 (1.84)","7.51 to 8.10"
"Perceived importance of ecosystem services","Forest- or environment-related profession","No related profession",991,"8.31 (1.32)","8.23 to 8.39"
"Perceived importance of ecosystem services","Forest- or environment-related profession","Related profession",96,"7.43 (2.01)","7.03 to 7.84"
"Perceived importance of ecosystem services","Forest ownership","Yes",74,"7.70 (2.00)","7.24 to 8.17"
"Perceived importance of ecosystem services","Forest ownership","No",1013,"8.27 (1.35)","8.19 to 8.35"
"Perceived importance of ecosystem services","Frequency of forest visits","Less than monthly",251,"8.07 (1.43)","7.89 to 8.24"
"Perceived importance of ecosystem services","Frequency of forest visits","Monthly",434,"8.12 (1.47)","7.98 to 8.26"
"Perceived importance of ecosystem services","Frequency of forest visits","Weekly or more often",402,"8.45 (1.31)","8.32 to 8.58"
"Perceived importance of ecosystem services","Gender","Female",547,"8.34 (1.39)","8.23 to 8.46"
"Perceived importance of ecosystem services","Gender","Male",540,"8.12 (1.43)","7.99 to 8.24"
"Perceived importance of ecosystem services","Awareness of local restoration programmes","Yes",289,"8.22 (1.62)","8.03 to 8.40"
"Perceived importance of ecosystem services","Awareness of local restoration programmes","No",798,"8.23 (1.33)","8.14 to 8.33"
"Perceived importance of ecosystem services","Social proximity to forest ownership","Yes",245,"8.31 (1.50)","8.13 to 8.50"
"Perceived importance of ecosystem services","Social proximity to forest ownership","No",725,"8.24 (1.34)","8.14 to 8.34"
"Perceived importance of ecosystem services","Social proximity to forest ownership","Don`t know",117,"8.01 (1.66)","7.70 to 8.31"
"Perceived importance of ecosystem services","Travel time to forest","Under 10 minutes",473,"8.25 (1.39)","8.13 to 8.38"
"Perceived importance of ecosystem services","Travel time to forest","10–30 minutes",510,"8.26 (1.40)","8.14 to 8.38"
"Perceived importance of ecosystem services","Travel time to forest","More than 30 minutes",104,"7.97 (1.54)","7.67 to 8.27"
"Expected restoration outcomes","Educational attainment","School-level or other education",94,"3.75 (0.70)","3.61 to 3.90"
"Expected restoration outcomes","Educational attainment","Professional/vocational training",490,"3.86 (0.65)","3.80 to 3.91"
"Expected restoration outcomes","Educational attainment","University",289,"3.91 (0.59)","3.84 to 3.98"
"Expected restoration outcomes","Forest- or environment-related organisation membership","Not a member",728,"3.88 (0.63)","3.83 to 3.92"
"Expected restoration outcomes","Forest- or environment-related organisation membership","Member",145,"3.78 (0.63)","3.68 to 3.89"
"Expected restoration outcomes","Forest- or environment-related profession","No related profession",780,"3.87 (0.63)","3.83 to 3.92"
"Expected restoration outcomes","Forest- or environment-related profession","Related profession",93,"3.77 (0.63)","3.64 to 3.90"
"Expected restoration outcomes","Forest ownership","Yes",66,"3.70 (0.65)","3.54 to 3.86"
"Expected restoration outcomes","Forest ownership","No",807,"3.88 (0.63)","3.83 to 3.92"
"Expected restoration outcomes","Frequency of forest visits","Less than monthly",174,"3.77 (0.64)","3.68 to 3.87"
"Expected restoration outcomes","Frequency of forest visits","Monthly",358,"3.88 (0.62)","3.81 to 3.94"
"Expected restoration outcomes","Frequency of forest visits","Weekly or more often",341,"3.89 (0.65)","3.83 to 3.96"
"Expected restoration outcomes","Gender","Female",415,"3.88 (0.67)","3.81 to 3.94"
"Expected restoration outcomes","Gender","Male",458,"3.85 (0.60)","3.80 to 3.91"
"Expected restoration outcomes","Awareness of local restoration programmes","Yes",264,"3.87 (0.64)","3.80 to 3.95"
"Expected restoration outcomes","Awareness of local restoration programmes","No",609,"3.86 (0.63)","3.81 to 3.91"
"Expected restoration outcomes","Social proximity to forest ownership","Yes",216,"3.84 (0.66)","3.75 to 3.93"
"Expected restoration outcomes","Social proximity to forest ownership","No",564,"3.88 (0.63)","3.83 to 3.93"
"Expected restoration outcomes","Social proximity to forest ownership","Don`t know",93,"3.82 (0.62)","3.69 to 3.94"
"Expected restoration outcomes","Travel time to forest","Under 10 minutes",376,"3.89 (0.64)","3.82 to 3.95"
"Expected restoration outcomes","Travel time to forest","10–30 minutes",407,"3.82 (0.62)","3.76 to 3.88"
"Expected restoration outcomes","Travel time to forest","More than 30 minutes",90,"3.95 (0.67)","3.81 to 4.09"
"Public support for restoration","Educational attainment","School-level or other education",115,"3.31 (0.77)","3.17 to 3.45"
"Public support for restoration","Educational attainment","Professional/vocational training",603,"3.25 (0.78)","3.19 to 3.31"
"Public support for restoration","Educational attainment","University",358,"3.37 (0.82)","3.28 to 3.45"
"Public support for restoration","Forest- or environment-related organisation membership","Not a member",923,"3.23 (0.79)","3.18 to 3.28"
"Public support for restoration","Forest- or environment-related organisation membership","Member",153,"3.71 (0.68)","3.60 to 3.82"
"Public support for restoration","Forest- or environment-related profession","No related profession",982,"3.27 (0.80)","3.22 to 3.32"
"Public support for restoration","Forest- or environment-related profession","Related profession",94,"3.53 (0.70)","3.38 to 3.67"
"Public support for restoration","Forest ownership","Yes",72,"3.28 (0.92)","3.06 to 3.49"
"Public support for restoration","Forest ownership","No",1004,"3.30 (0.79)","3.25 to 3.34"
"Public support for restoration","Frequency of forest visits","Less than monthly",248,"2.97 (0.83)","2.86 to 3.07"
"Public support for restoration","Frequency of forest visits","Monthly",429,"3.26 (0.72)","3.19 to 3.33"
"Public support for restoration","Frequency of forest visits","Weekly or more often",399,"3.53 (0.77)","3.46 to 3.61"
"Public support for restoration","Gender","Female",541,"3.30 (0.78)","3.24 to 3.37"
"Public support for restoration","Gender","Male",535,"3.29 (0.81)","3.22 to 3.36"
"Public support for restoration","Awareness of local restoration programmes","Yes",285,"3.48 (0.73)","3.40 to 3.57"
"Public support for restoration","Awareness of local restoration programmes","No",791,"3.23 (0.80)","3.17 to 3.28"
"Public support for restoration","Social proximity to forest ownership","Yes",243,"3.40 (0.78)","3.31 to 3.50"
"Public support for restoration","Social proximity to forest ownership","No",718,"3.29 (0.80)","3.23 to 3.35"
"Public support for restoration","Social proximity to forest ownership","Don`t know",115,"3.11 (0.77)","2.97 to 3.25"
"Public support for restoration","Travel time to forest","Under 10 minutes",468,"3.26 (0.83)","3.18 to 3.33"
"Public support for restoration","Travel time to forest","10–30 minutes",505,"3.29 (0.76)","3.23 to 3.36"
"Public support for restoration","Travel time to forest","More than 30 minutes",103,"3.47 (0.75)","3.32 to 3.62"
"Perceived restoration implementation","Educational attainment","School-level or other education",90,"3.36 (0.74)","3.21 to 3.52"
"Perceived restoration implementation","Educational attainment","Professional/vocational training",477,"3.35 (0.71)","3.29 to 3.41"
"Perceived restoration implementation","Educational attainment","University",291,"3.33 (0.73)","3.24 to 3.41"
"Perceived restoration implementation","Forest- or environment-related organisation membership","Not a member",713,"3.33 (0.73)","3.27 to 3.38"
"Perceived restoration implementation","Forest- or environment-related organisation membership","Member",145,"3.42 (0.68)","3.31 to 3.53"
"Perceived restoration implementation","Forest- or environment-related profession","No related profession",767,"3.33 (0.73)","3.28 to 3.38"
"Perceived restoration implementation","Forest- or environment-related profession","Related profession",91,"3.48 (0.66)","3.34 to 3.62"
"Perceived restoration implementation","Forest ownership","Yes",67,"3.32 (0.81)","3.13 to 3.52"
"Perceived restoration implementation","Forest ownership","No",791,"3.35 (0.71)","3.30 to 3.40"
"Perceived restoration implementation","Frequency of forest visits","Less than monthly",178,"3.24 (0.71)","3.13 to 3.34"
"Perceived restoration implementation","Frequency of forest visits","Monthly",338,"3.34 (0.70)","3.26 to 3.41"
"Perceived restoration implementation","Frequency of forest visits","Weekly or more often",342,"3.41 (0.74)","3.33 to 3.49"
"Perceived restoration implementation","Gender","Female",400,"3.31 (0.71)","3.24 to 3.38"
"Perceived restoration implementation","Gender","Male",458,"3.37 (0.73)","3.30 to 3.44"
"Perceived restoration implementation","Awareness of local restoration programmes","Yes",268,"3.50 (0.67)","3.42 to 3.59"
"Perceived restoration implementation","Awareness of local restoration programmes","No",590,"3.27 (0.73)","3.21 to 3.33"
"Perceived restoration implementation","Social proximity to forest ownership","Yes",215,"3.40 (0.72)","3.30 to 3.49"
"Perceived restoration implementation","Social proximity to forest ownership","No",555,"3.35 (0.72)","3.29 to 3.41"
"Perceived restoration implementation","Social proximity to forest ownership","Don`t know",88,"3.19 (0.70)","3.04 to 3.34"
"Perceived restoration implementation","Travel time to forest","Under 10 minutes",369,"3.35 (0.73)","3.27 to 3.42"
"Perceived restoration implementation","Travel time to forest","10–30 minutes",399,"3.31 (0.73)","3.24 to 3.38"
"Perceived restoration implementation","Travel time to forest","More than 30 minutes",90,"3.47 (0.64)","3.34 to 3.60"
