"Outcome","Explanatory_variable","Valid_n","Test","Test_result","p_value_display","p_FDR_display","Effect_display","Significant_raw","Significant_FDR"
"Perceived importance of ecosystem services","Educational attainment",1087,"Welch ANOVA","F(2.00, 300.88) = 4.76","0.009","0.030","η² = 0.011","Yes","Yes"
"Perceived importance of ecosystem services","Forest- or environment-related organisation membership",1087,"Welch t-test","t(182.44) = 3.22","0.001","0.008","d = 0.309 [0.118, 0.500]","Yes","Yes"
"Perceived importance of ecosystem services","Forest- or environment-related profession",1087,"Welch t-test","t(103.08) = 4.18","<0.001","<0.001","d = 0.515 [0.262, 0.765]","Yes","Yes"
"Perceived importance of ecosystem services","Forest ownership",1087,"Welch t-test","t(77.99) = -2.40","0.019","0.056","d = -0.332 [-0.607, -0.055]","Yes","No"
"Perceived importance of ecosystem services","Frequency of forest visits",1087,"One-way ANOVA","F(2, 1084) = 7.90","<0.001","0.002","η² = 0.014","Yes","Yes"
"Perceived importance of ecosystem services","Gender",1087,"Independent-samples t-test","t(1085.00) = 2.67","0.008","0.028","d = 0.162 [0.043, 0.281]","Yes","Yes"
"Perceived importance of ecosystem services","Awareness of local restoration programmes",1087,"Welch t-test","t(436.22) = -0.17","0.867","0.892","d = -0.012 [-0.153, 0.129]","No","No"
"Perceived importance of ecosystem services","Social proximity to forest ownership",1087,"One-way ANOVA","F(2, 1084) = 1.89","0.152","0.211","η² = 0.003","No","No"
"Perceived importance of ecosystem services","Travel time to forest",1087,"One-way ANOVA","F(2, 1084) = 1.92","0.147","0.211","η² = 0.004","No","No"
"Expected restoration outcomes","Educational attainment",873,"Welch ANOVA","F(2.00, 248.36) = 2.07","0.128","0.211","η² = 0.005","No","No"
"Expected restoration outcomes","Forest- or environment-related organisation membership",873,"Independent-samples t-test","t(871.00) = 1.62","0.105","0.198","d = 0.148 [-0.031, 0.326]","No","No"
"Expected restoration outcomes","Forest- or environment-related profession",873,"Independent-samples t-test","t(871.00) = 1.51","0.132","0.211","d = 0.165 [-0.050, 0.380]","No","No"
"Expected restoration outcomes","Forest ownership",873,"Independent-samples t-test","t(871.00) = -2.18","0.030","0.082","d = -0.279 [-0.530, -0.027]","Yes","No"
"Expected restoration outcomes","Frequency of forest visits",873,"One-way ANOVA","F(2, 870) = 2.20","0.111","0.200","η² = 0.005","No","No"
"Expected restoration outcomes","Gender",873,"Welch t-test","t(833.58) = 0.56","0.579","0.695","d = 0.038 [-0.095, 0.171]","No","No"
"Expected restoration outcomes","Awareness of local restoration programmes",873,"Independent-samples t-test","t(871.00) = 0.38","0.702","0.816","d = 0.028 [-0.116, 0.173]","No","No"
"Expected restoration outcomes","Social proximity to forest ownership",873,"One-way ANOVA","F(2, 870) = 0.58","0.560","0.695","η² = 0.001","No","No"
"Expected restoration outcomes","Travel time to forest",873,"One-way ANOVA","F(2, 870) = 2.00","0.137","0.211","η² = 0.005","No","No"
"Public support for restoration","Educational attainment",1076,"One-way ANOVA","F(2, 1073) = 2.58","0.076","0.153","η² = 0.005","No","No"
"Public support for restoration","Forest- or environment-related organisation membership",1076,"Independent-samples t-test","t(1074.00) = -7.09","<0.001","<0.001","d = -0.619 [-0.792, -0.446]","Yes","Yes"
"Public support for restoration","Forest- or environment-related profession",1076,"Independent-samples t-test","t(1074.00) = -2.98","0.003","0.013","d = -0.321 [-0.533, -0.109]","Yes","Yes"
"Public support for restoration","Forest ownership",1076,"Independent-samples t-test","t(1074.00) = -0.21","0.832","0.881","d = -0.026 [-0.265, 0.213]","No","No"
"Public support for restoration","Frequency of forest visits",1076,"One-way ANOVA","F(2, 1073) = 42.53","<0.001","<0.001","η² = 0.073","Yes","Yes"
"Public support for restoration","Gender",1076,"Independent-samples t-test","t(1074.00) = 0.29","0.772","0.868","d = 0.018 [-0.102, 0.137]","No","No"
"Public support for restoration","Awareness of local restoration programmes",1076,"Independent-samples t-test","t(1074.00) = 4.73","<0.001","<0.001","d = 0.327 [0.191, 0.463]","Yes","Yes"
"Public support for restoration","Social proximity to forest ownership",1076,"One-way ANOVA","F(2, 1073) = 5.39","0.005","0.019","η² = 0.010","Yes","Yes"
"Public support for restoration","Travel time to forest",1076,"One-way ANOVA","F(2, 1073) = 3.10","0.045","0.109","η² = 0.006","Yes","No"
"Perceived restoration implementation","Educational attainment",858,"One-way ANOVA","F(2, 855) = 0.11","0.897","0.897","η² = 0.000","No","No"
"Perceived restoration implementation","Forest- or environment-related organisation membership",858,"Independent-samples t-test","t(856.00) = -1.44","0.150","0.211","d = -0.131 [-0.310, 0.048]","No","No"
"Perceived restoration implementation","Forest- or environment-related profession",858,"Independent-samples t-test","t(856.00) = -1.90","0.058","0.131","d = -0.210 [-0.428, 0.007]","No","No"
"Perceived restoration implementation","Forest ownership",858,"Independent-samples t-test","t(856.00) = -0.23","0.821","0.881","d = -0.029 [-0.278, 0.221]","No","No"
"Perceived restoration implementation","Frequency of forest visits",858,"One-way ANOVA","F(2, 855) = 3.25","0.039","0.101","η² = 0.008","Yes","No"
"Perceived restoration implementation","Gender",858,"Independent-samples t-test","t(856.00) = -1.20","0.232","0.298","d = -0.082 [-0.216, 0.052]","No","No"
"Perceived restoration implementation","Awareness of local restoration programmes",858,"Independent-samples t-test","t(856.00) = 4.45","<0.001","<0.001","d = 0.328 [0.183, 0.473]","Yes","Yes"
"Perceived restoration implementation","Social proximity to forest ownership",858,"One-way ANOVA","F(2, 855) = 2.60","0.075","0.153","η² = 0.006","No","No"
"Perceived restoration implementation","Travel time to forest",858,"One-way ANOVA","F(2, 855) = 1.79","0.168","0.224","η² = 0.004","No","No"
